ID,Ten,GioiTinh,ChucVu,PhongBan,HieuSuat,NgayVaoLam,TrangThai,Luong,Thuong,SoDienThoai,Email
1,Hoang Thi Chi,Nam,Nhan vien,HR,90,2020-07-29,Da nghi viec,18320370,3893127,0056203077,hoangthichi772@gmail.com
2,Le Thanh Trang,Nu,Quan ly,Marketing,75,2020-02-21,Dang lam viec,19942148,2134491,0827717482,lethanhtrang583@company.vn
3,Do Thanh Giang,Nam,Nhan vien,Ke toan,94,2021-10-17,Dang lam viec,16504069,4473812,0609971688,dothanhgiang765@gmail.com
4,Dang Minh Chi,Nam,Nhan vien,IT,87,2019-11-04,Da nghi viec,15590535,7851356,0730995675,dangminhchi971@gmail.com
5,Do Ngoc An,Nu,Truong phong,Marketing,89,2021-01-23,Dang lam viec,15826948,2690647,0063196570,dongocan560@company.vn
6,Vu Van Trang,Nam,Truong phong,IT,86,2024-03-23,Dang lam viec,29492153,5358064,0009420928,vuvantrang7@company.vn
7,Le Quang Linh,Nam,Truong phong,HR,78,2022-09-17,Dang lam viec,12982809,1032039,0544171202,lequanglinh651@gmail.com
8,Hoang Ngoc Nam,Nu,Quan ly,Marketing,97,2020-05-02,Da nghi viec,23794676,2088459,0179233244,hoangngocnam767@yahoo.com
9,Dang Thi Giang,Nu,Quan ly,Marketing,60,2024-09-01,Dang lam viec,19270493,3329697,0490290798,dangthigiang146@gmail.com
10,Nguyen Duc An,Nu,Quan ly,IT,67,2020-06-03,Da nghi viec,29570122,4534694,0975440589,nguyenducan688@gmail.com
11,Le Thanh Nam,Nu,Truong phong,Marketing,97,2020-04-13,Dang lam viec,17671276,4398822,0071326627,lethanhnam300@yahoo.com
12,Pham Hong Trang,Nam,Nhan vien,IT,77,2023-05-07,Da nghi viec,13559350,7123151,0569218555,phamhongtrang597@gmail.com
13,Hoang Quang Trang,Nam,Nhan vien,Ke toan,96,2019-10-11,Dang lam viec,21239845,1683576,0361092500,hoangquangtrang446@gmail.com
14,Dang Van Khanh,Nu,Truong phong,Marketing,63,2018-04-24,Dang lam viec,13605549,2247874,0232338038,dangvankhanh189@yahoo.com
15,Do Ngoc Dung,Nu,Nhan vien,Marketing,74,2020-07-01,Da nghi viec,23559398,3554090,0363833378,dongocdung167@yahoo.com
16,Phan Minh Trang,Nam,Nhan vien,HR,85,2019-09-08,Dang lam viec,14010988,2895767,0937835828,phanminhtrang595@yahoo.com
17,Dang Minh Hoa,Nam,Nhan vien,Ke toan,61,2018-05-01,Da nghi viec,13277356,1768652,0013928862,dangminhhoa777@yahoo.com
18,Hoang Duc An,Nam,Truong phong,Ke toan,76,2023-05-01,Dang lam viec,19903517,4659134,0077453958,hoangducan359@yahoo.com
19,Vu Ngoc Hoa,Nam,Nhan vien,HR,76,2021-09-05,Da nghi viec,14889735,2266571,0472880941,vungochoa697@yahoo.com
20,Le Van An,Nu,Quan ly,IT,95,2022-05-13,Da nghi viec,15021115,5929578,0215811048,levanan758@gmail.com
21,Dang Hong Hoa,Nu,Nhan vien,Marketing,66,2019-05-28,Dang lam viec,18961211,2353269,0943025061,danghonghoa479@gmail.com
22,Phan Duc Trang,Nam,Truong phong,Marketing,77,2024-10-01,Dang lam viec,22884572,3787628,0990524639,phanductrang371@company.vn
23,Le Thi Khanh,Nam,Quan ly,IT,60,2020-12-18,Dang lam viec,23936245,2504520,0873494941,lethikhanh401@company.vn
24,Le Van Binh,Nu,Quan ly,HR,95,2021-02-23,Da nghi viec,18024679,2341822,0118288780,levanbinh526@yahoo.com
25,Pham Minh Khanh,Nam,Nhan vien,HR,71,2022-10-14,Dang lam viec,13560335,3606145,0033211958,phamminhkhanh615@gmail.com
26,Hoang Van Nam,Nu,Nhan vien,HR,89,2018-08-19,Dang lam viec,19954274,2888876,0761259981,hoangvannam642@company.vn
27,Nguyen Thanh Khanh,Nam,Truong phong,Ke toan,91,2021-02-02,Dang lam viec,10751293,1674768,0609005689,nguyenthanhkhanh375@gmail.com
28,Pham Hong Nam,Nu,Quan ly,HR,69,2018-07-24,Da nghi viec,14896426,3481703,0147096187,phamhongnam463@gmail.com
29,Dang Minh Giang,Nam,Truong phong,Ke toan,63,2021-05-06,Dang lam viec,18373330,3772735,0549874351,dangminhgiang102@company.vn
30,Dang Thanh Khanh,Nam,Nhan vien,HR,88,2024-11-26,Da nghi viec,16335012,1063870,0998821577,dangthanhkhanh7@yahoo.com
31,Tran Thanh An,Nam,Truong phong,Ke toan,80,2021-07-27,Dang lam viec,15504127,4758349,0310138403,tranthanhan830@company.vn
32,Tran Hong Binh,Nu,Quan ly,Ke toan,82,2020-01-27,Da nghi viec,21044906,4126541,0741587912,tranhongbinh197@yahoo.com
33,Hoang Hong Nam,Nu,Truong phong,Ke toan,63,2021-04-04,Dang lam viec,18763674,3529513,0027524416,hoanghongnam902@yahoo.com
34,Pham Ngoc Chi,Nam,Truong phong,IT,99,2024-03-19,Da nghi viec,12898611,4217810,0999263954,phamngocchi432@company.vn
35,Pham Duc Chi,Nam,Quan ly,IT,98,2020-11-05,Da nghi viec,28614227,3582402,0333928142,phamducchi765@company.vn
36,Le Quang Dung,Nu,Nhan vien,IT,80,2023-08-03,Da nghi viec,24547395,5056610,0756523957,lequangdung591@yahoo.com
37,Do Ngoc Chi,Nam,Truong phong,Ke toan,63,2022-10-12,Dang lam viec,10677442,4335444,0696598702,dongocchi544@company.vn
38,Bui Quang Dung,Nu,Quan ly,IT,78,2022-03-27,Dang lam viec,17937800,5813042,0885131612,buiquangdung964@yahoo.com
39,Vu Quang An,Nu,Quan ly,Ke toan,91,2022-10-26,Dang lam viec,19135679,1739683,0517739956,vuquangan742@yahoo.com
40,Hoang Minh Trang,Nam,Quan ly,HR,100,2024-12-18,Da nghi viec,11091654,3448514,0889939317,hoangminhtrang239@yahoo.com
41,Hoang Minh Dung,Nu,Nhan vien,Ke toan,78,2018-08-04,Da nghi viec,10332272,2633781,0197887974,hoangminhdung327@gmail.com
42,Pham Quang Chi,Nu,Truong phong,IT,62,2018-09-21,Dang lam viec,17938209,3489335,0041881922,phamquangchi631@gmail.com
43,Dang Minh Linh,Nam,Truong phong,IT,92,2019-11-04,Da nghi viec,20609374,7918070,0025487728,dangminhlinh990@yahoo.com
44,Phan Hong Binh,Nam,Quan ly,Ke toan,85,2022-07-21,Dang lam viec,11545772,3943686,0108683445,phanhongbinh772@yahoo.com
45,Do Hong Giang,Nu,Truong phong,Ke toan,97,2020-01-03,Dang lam viec,12563943,2138859,0281777327,dohonggiang629@company.vn
46,Bui Thi Chi,Nam,Truong phong,HR,79,2019-12-19,Da nghi viec,9195984,2771700,0800900378,buithichi527@company.vn
47,Vu Ngoc Giang,Nam,Quan ly,HR,69,2022-08-23,Dang lam viec,19878863,3976691,0188982836,vungocgiang372@company.vn
48,Bui Thi Hoa,Nu,Truong phong,IT,85,2024-09-03,Dang lam viec,21460929,5845915,0577482969,buithihoa782@company.vn
49,Hoang Thanh An,Nu,Quan ly,Ke toan,78,2023-08-27,Da nghi viec,21976154,4625871,0434255900,hoangthanhan2@company.vn
50,Bui Thi Hoa,Nam,Truong phong,Marketing,86,2019-09-21,Dang lam viec,14912459,4815118,0380516312,buithihoa338@gmail.com
51,Phan Thi An,Nu,Quan ly,Ke toan,78,2023-09-13,Da nghi viec,13903294,2626333,0870284626,phanthian190@gmail.com
52,Le Thanh Khanh,Nu,Nhan vien,HR,99,2020-01-28,Da nghi viec,18689775,3330623,0819683866,lethanhkhanh250@yahoo.com
53,Bui Van Nam,Nam,Quan ly,IT,94,2023-11-02,Dang lam viec,17975315,2553824,0626170312,buivannam188@gmail.com
54,Dang Thanh Dung,Nu,Nhan vien,Marketing,63,2024-01-11,Dang lam viec,11397001,5936557,0210276082,dangthanhdung749@gmail.com
55,Do Duc Giang,Nam,Nhan vien,IT,90,2022-06-19,Dang lam viec,21628325,7019484,0272200084,doducgiang433@gmail.com
56,Phan Ngoc Dung,Nu,Nhan vien,IT,94,2022-03-19,Da nghi viec,14783252,6010257,0637839526,phanngocdung75@yahoo.com
57,Nguyen Thi Chi,Nu,Truong phong,Ke toan,63,2021-06-22,Dang lam viec,21685960,2598230,0250413527,nguyenthichi753@yahoo.com
58,Do Thi Trang,Nu,Quan ly,IT,90,2023-07-02,Da nghi viec,16107151,2089493,0550337535,dothitrang653@gmail.com
59,Dang Quang Khanh,Nam,Truong phong,Ke toan,91,2024-06-05,Dang lam viec,13949822,4458654,0168851502,dangquangkhanh154@yahoo.com
60,Nguyen Quang Hoa,Nu,Truong phong,Marketing,72,2024-01-28,Da nghi viec,23870958,3356135,0399693148,nguyenquanghoa793@yahoo.com
61,Nguyen Hong Chi,Nam,Nhan vien,IT,73,2018-03-23,Da nghi viec,21592546,7137406,0669843661,nguyenhongchi684@company.vn
62,Do Hong Linh,Nam,Nhan vien,HR,93,2018-11-28,Da nghi viec,18622606,2090906,0021746041,dohonglinh847@yahoo.com
63,Do Van Linh,Nu,Nhan vien,Marketing,66,2019-10-12,Da nghi viec,23632922,3263889,0488686240,dovanlinh870@company.vn
64,Nguyen Quang An,Nu,Truong phong,Ke toan,94,2024-10-07,Dang lam viec,19958602,2509153,0798112760,nguyenquangan431@yahoo.com
65,Pham Minh Hoa,Nam,Quan ly,Marketing,89,2024-08-14,Dang lam viec,16953662,5988477,0810897350,phamminhhoa264@gmail.com
66,Bui Quang Hoa,Nu,Nhan vien,HR,87,2018-07-14,Da nghi viec,17330761,2296654,0654305158,buiquanghoa19@yahoo.com
67,Vu Hong Khanh,Nam,Truong phong,HR,65,2021-11-20,Da nghi viec,18871555,3496306,0240155623,vuhongkhanh740@yahoo.com
68,Pham Thi Binh,Nam,Nhan vien,Marketing,100,2019-06-10,Da nghi viec,18225498,2114087,0549840482,phamthibinh804@company.vn
69,Bui Ngoc Binh,Nu,Quan ly,IT,77,2021-12-18,Dang lam viec,23767960,5586690,0603976134,buingocbinh830@company.vn
70,Do Minh Dung,Nam,Truong phong,IT,94,2021-10-13,Dang lam viec,26770948,7640734,0538781534,dominhdung616@company.vn
71,Tran Ngoc Trang,Nu,Quan ly,HR,69,2022-12-18,Da nghi viec,18452389,2637969,0144642271,tranngoctrang126@gmail.com
72,Pham Van Dung,Nu,Truong phong,Marketing,78,2021-02-25,Dang lam viec,14161978,5529948,0616147054,phamvandung36@gmail.com
73,Nguyen Duc Linh,Nu,Nhan vien,Marketing,84,2022-04-05,Da nghi viec,13155426,5223183,0426856520,nguyenduclinh671@yahoo.com
74,Vu Thanh Hoa,Nam,Quan ly,HR,91,2021-07-23,Dang lam viec,10307597,2490676,0678965465,vuthanhhoa617@yahoo.com
75,Bui Hong Trang,Nam,Truong phong,IT,73,2018-12-13,Da nghi viec,25401828,3770210,0799165177,buihongtrang87@yahoo.com
76,Dang Thanh Khanh,Nu,Truong phong,Ke toan,63,2020-10-19,Da nghi viec,12458693,3084248,0844706296,dangthanhkhanh896@gmail.com
77,Do Minh An,Nu,Nhan vien,HR,69,2024-06-19,Da nghi viec,15317430,2028178,0314898089,dominhan736@yahoo.com
78,Pham Duc Linh,Nu,Quan ly,IT,60,2019-07-12,Da nghi viec,19545857,3521916,0429118331,phamduclinh623@yahoo.com
79,Hoang Quang Linh,Nam,Quan ly,Ke toan,68,2024-05-31,Dang lam viec,14535092,2276847,0166928380,hoangquanglinh950@gmail.com
80,Pham Thi Hoa,Nu,Nhan vien,Ke toan,87,2022-11-05,Dang lam viec,17258034,2469717,0030488746,phamthihoa302@yahoo.com
81,Hoang Minh Hoa,Nam,Quan ly,Marketing,98,2022-12-08,Dang lam viec,23554431,4891483,0968985001,hoangminhhoa963@company.vn
82,Do Thi Binh,Nam,Truong phong,HR,86,2021-08-08,Da nghi viec,17264988,2362580,0425694632,dothibinh802@company.vn
83,Nguyen Duc Nam,Nam,Quan ly,IT,79,2024-01-20,Dang lam viec,28481010,4245663,0886046098,nguyenducnam340@yahoo.com
84,Do Thi Hoa,Nam,Nhan vien,IT,65,2019-08-06,Da nghi viec,28242754,7058592,0209215799,dothihoa274@gmail.com
85,Tran Van An,Nu,Truong phong,Ke toan,70,2023-09-19,Dang lam viec,21038634,3442159,0652891540,tranvanan190@yahoo.com
86,Do Quang Binh,Nam,Quan ly,IT,76,2018-06-15,Dang lam viec,27059993,5531251,0290043771,doquangbinh216@gmail.com
87,Hoang Thanh Nam,Nu,Quan ly,IT,95,2024-11-21,Dang lam viec,26575030,7122048,0431304317,hoangthanhnam826@gmail.com
88,Nguyen Duc Giang,Nam,Quan ly,Ke toan,90,2018-11-03,Dang lam viec,20511191,3365145,0797379822,nguyenducgiang896@gmail.com
89,Le Thi Binh,Nu,Nhan vien,Marketing,100,2022-05-11,Dang lam viec,13601421,4378402,0157435851,lethibinh881@gmail.com
90,Phan Thanh Khanh,Nu,Truong phong,HR,99,2019-01-26,Da nghi viec,10491464,2939181,0631369436,phanthanhkhanh382@gmail.com
91,Vu Ngoc Hoa,Nam,Quan ly,HR,75,2024-08-14,Da nghi viec,15630692,1327017,0878963918,vungochoa806@company.vn
92,Nguyen Hong Binh,Nam,Quan ly,IT,89,2021-07-07,Dang lam viec,28467522,5887776,0996238581,nguyenhongbinh592@company.vn
93,Phan Thi Nam,Nu,Truong phong,HR,83,2018-09-02,Da nghi viec,11594948,2835494,0878729686,phanthinam59@yahoo.com
94,Tran Duc An,Nu,Nhan vien,IT,95,2020-02-13,Da nghi viec,19128893,6941800,0992162393,tranducan621@yahoo.com
95,Dang Thanh Hoa,Nu,Truong phong,HR,81,2022-09-21,Da nghi viec,10712105,1348126,0890167087,dangthanhhoa974@gmail.com
96,Dang Minh Chi,Nu,Nhan vien,HR,60,2019-09-04,Da nghi viec,11887463,2142840,0866613863,dangminhchi219@company.vn
97,Bui Quang Nam,Nu,Nhan vien,Marketing,70,2018-07-15,Dang lam viec,18818114,2804524,0969198413,buiquangnam60@yahoo.com
98,Tran Minh Chi,Nu,Truong phong,HR,100,2023-11-11,Dang lam viec,19913800,3184829,0261233094,tranminhchi652@company.vn
99,Pham Quang Chi,Nu,Quan ly,Ke toan,77,2024-06-14,Dang lam viec,20173791,4799525,0160211295,phamquangchi248@yahoo.com
100,Le Ngoc Nam,Nu,Quan ly,Ke toan,60,2023-05-06,Dang lam viec,16137620,2401533,0710882079,lengocnam30@yahoo.com
101,Le Thanh An,Nam,Truong phong,Ke toan,73,2018-10-16,Da nghi viec,14880295,4280368,0720578934,lethanhan277@gmail.com
102,Bui Thanh Hoa,Nu,Truong phong,Marketing,80,2024-09-15,Dang lam viec,24541039,2431022,0569684255,buithanhhoa602@company.vn
103,Tran Quang Dung,Nu,Truong phong,Marketing,100,2018-03-02,Dang lam viec,16270679,2098227,0674784829,tranquangdung518@company.vn
104,Tran Ngoc Linh,Nu,Truong phong,Marketing,89,2023-04-07,Dang lam viec,24087535,4214146,0236091718,tranngoclinh638@yahoo.com
105,Pham Ngoc Nam,Nu,Truong phong,Marketing,65,2020-12-24,Dang lam viec,24381531,5396170,0395022754,phamngocnam957@yahoo.com
106,Phan Van Hoa,Nu,Nhan vien,IT,79,2018-03-17,Da nghi viec,24838902,4319434,0131303455,phanvanhoa421@gmail.com
107,Tran Duc Linh,Nam,Nhan vien,Marketing,91,2022-08-11,Dang lam viec,20930231,2586427,0454208261,tranduclinh407@yahoo.com
108,Hoang Thanh Binh,Nu,Truong phong,Marketing,80,2024-01-24,Dang lam viec,20133605,5133839,0153814898,hoangthanhbinh224@company.vn
109,Tran Duc An,Nam,Truong phong,Ke toan,79,2022-05-16,Da nghi viec,13231936,4374232,0199394563,tranducan461@gmail.com
110,Phan Thi Binh,Nam,Quan ly,Marketing,75,2024-02-21,Da nghi viec,18837215,3462251,0884269067,phanthibinh28@gmail.com
111,Bui Duc Linh,Nu,Nhan vien,IT,66,2020-11-22,Da nghi viec,28545733,2530073,0163274212,buiduclinh422@yahoo.com
112,Tran Quang Trang,Nam,Nhan vien,Ke toan,71,2022-07-14,Dang lam viec,10511729,4135180,0357799063,tranquangtrang61@gmail.com
113,Nguyen Thi Trang,Nam,Quan ly,Ke toan,69,2021-04-22,Da nghi viec,21546755,3297507,0172441940,nguyenthitrang904@yahoo.com
114,Tran Thi An,Nu,Nhan vien,HR,86,2020-02-09,Dang lam viec,17188526,1764136,0284738108,tranthian261@yahoo.com
115,Bui Thanh An,Nu,Nhan vien,IT,71,2023-11-29,Da nghi viec,13525956,3347670,0026968199,buithanhan474@yahoo.com
116,Bui Quang An,Nam,Nhan vien,IT,63,2021-12-01,Dang lam viec,18071688,6364431,0476237327,buiquangan183@yahoo.com
117,Tran Ngoc Hoa,Nu,Nhan vien,Ke toan,88,2021-02-08,Dang lam viec,20973459,4473759,0939843190,tranngochoa733@company.vn
118,Vu Quang Chi,Nam,Truong phong,IT,97,2019-11-12,Da nghi viec,24840892,4726163,0678350741,vuquangchi456@company.vn
119,Do Ngoc An,Nu,Truong phong,Ke toan,88,2022-11-16,Dang lam viec,13746199,4178791,0368250993,dongocan130@yahoo.com
120,Tran Thanh Nam,Nu,Quan ly,HR,68,2021-01-29,Da nghi viec,12503772,2790936,0465378279,tranthanhnam736@gmail.com
121,Tran Thi Nam,Nu,Truong phong,HR,91,2020-01-04,Da nghi viec,17084645,3339381,0682342187,tranthinam815@company.vn
122,Hoang Minh Trang,Nu,Truong phong,Marketing,83,2021-08-25,Da nghi viec,11215344,3135134,0491196756,hoangminhtrang897@yahoo.com
123,Do Hong Chi,Nam,Truong phong,Ke toan,97,2020-08-03,Da nghi viec,16926031,2548265,0325570570,dohongchi600@company.vn
124,Do Ngoc An,Nu,Truong phong,IT,83,2018-08-13,Da nghi viec,12076398,7882199,0605600092,dongocan358@gmail.com
125,Vu Ngoc Chi,Nam,Nhan vien,HR,64,2024-08-16,Da nghi viec,18299155,2890233,0415987398,vungocchi510@gmail.com
126,Do Thi Khanh,Nam,Quan ly,IT,70,2019-06-25,Da nghi viec,17757266,7186699,0698483683,dothikhanh95@gmail.com
127,Phan Duc Nam,Nam,Quan ly,Ke toan,66,2021-09-19,Da nghi viec,12631819,3188858,0193264021,phanducnam300@company.vn
128,Phan Quang Khanh,Nam,Quan ly,IT,66,2023-08-11,Dang lam viec,24305107,2887871,0055319548,phanquangkhanh341@gmail.com
129,Nguyen Van Nam,Nam,Nhan vien,Ke toan,77,2018-06-27,Dang lam viec,11763590,4083285,0787471611,nguyenvannam595@company.vn
130,Do Hong Chi,Nu,Truong phong,Ke toan,83,2019-09-08,Dang lam viec,19061090,2304322,0656539497,dohongchi793@yahoo.com
131,Pham Thi Trang,Nam,Truong phong,Ke toan,80,2019-04-10,Da nghi viec,12061386,1991401,0722654745,phamthitrang273@yahoo.com
132,Bui Duc Nam,Nu,Quan ly,IT,91,2022-01-14,Da nghi viec,26360103,2750529,0495129126,buiducnam650@yahoo.com
133,Do Thanh Nam,Nam,Truong phong,Ke toan,66,2018-10-30,Dang lam viec,12596790,1827653,0006412927,dothanhnam247@company.vn
134,Bui Van Binh,Nu,Quan ly,Marketing,75,2021-03-02,Dang lam viec,19761828,5705507,0993523762,buivanbinh115@yahoo.com
135,Tran Ngoc Chi,Nam,Truong phong,Ke toan,74,2022-03-19,Dang lam viec,12225877,4561731,0528875556,tranngocchi76@yahoo.com
136,Hoang Thi Hoa,Nu,Nhan vien,Ke toan,96,2022-11-20,Da nghi viec,18376481,3094899,0026350834,hoangthihoa889@gmail.com
137,Hoang Thanh Trang,Nu,Nhan vien,Marketing,74,2019-03-27,Da nghi viec,17837706,3875618,0670336699,hoangthanhtrang149@yahoo.com
138,Phan Duc Binh,Nam,Quan ly,Ke toan,73,2020-05-24,Da nghi viec,18989863,4341361,0013428038,phanducbinh696@company.vn
139,Pham Ngoc Hoa,Nu,Quan ly,Marketing,96,2023-10-11,Da nghi viec,12452538,5169685,0957879097,phamngochoa462@gmail.com
140,Vu Thi An,Nu,Truong phong,Marketing,68,2022-02-05,Dang lam viec,18808318,2173059,0833064757,vuthian387@company.vn
141,Phan Minh Binh,Nu,Nhan vien,HR,64,2019-04-13,Da nghi viec,12938945,1736766,0653442381,phanminhbinh898@company.vn
142,Phan Quang Linh,Nam,Truong phong,HR,73,2024-03-16,Da nghi viec,19400089,2083132,0777462668,phanquanglinh525@company.vn
143,Phan Van Dung,Nu,Quan ly,Ke toan,86,2020-04-25,Da nghi viec,20228625,3080290,0660002670,phanvandung825@company.vn
144,Hoang Thanh Linh,Nam,Nhan vien,Marketing,84,2019-01-31,Dang lam viec,11944209,4930225,0718307508,hoangthanhlinh913@company.vn
145,Bui Ngoc Linh,Nam,Quan ly,HR,83,2021-09-14,Da nghi viec,14004504,1138162,0497533115,buingoclinh772@gmail.com
146,Pham Van Binh,Nu,Quan ly,HR,68,2022-11-19,Dang lam viec,18155737,2383557,0640927291,phamvanbinh379@yahoo.com
147,Pham Thi Trang,Nu,Truong phong,Ke toan,63,2020-01-18,Da nghi viec,13792094,2375673,0568919596,phamthitrang921@yahoo.com
148,Phan Van Trang,Nam,Nhan vien,HR,61,2023-04-01,Dang lam viec,18415190,1904431,0876189911,phanvantrang4@gmail.com
149,Bui Thi Giang,Nu,Nhan vien,HR,74,2022-08-05,Dang lam viec,17244254,3110489,0492830333,buithigiang211@company.vn
150,Pham Thanh Linh,Nu,Quan ly,IT,90,2024-07-08,Da nghi viec,21331338,6920734,0763822833,phamthanhlinh353@yahoo.com
151,Tran Minh Dung,Nu,Quan ly,Marketing,89,2020-08-17,Da nghi viec,13280363,3186819,0544334197,tranminhdung51@yahoo.com
152,Tran Ngoc Hoa,Nam,Truong phong,Ke toan,78,2023-05-08,Dang lam viec,11577661,2850862,0405802296,tranngochoa817@company.vn
153,Bui Minh Trang,Nam,Nhan vien,HR,68,2020-11-24,Dang lam viec,10300082,2461117,0479801194,buiminhtrang101@yahoo.com
154,Vu Thanh Linh,Nu,Quan ly,Ke toan,86,2019-01-07,Dang lam viec,12181520,3381681,0817175940,vuthanhlinh923@company.vn
155,Pham Ngoc An,Nam,Nhan vien,Marketing,81,2020-10-09,Dang lam viec,12115956,4730745,0835747706,phamngocan426@yahoo.com
156,Phan Thi Binh,Nu,Truong phong,IT,85,2021-04-07,Dang lam viec,24059197,7158161,0294486746,phanthibinh355@company.vn
157,Do Minh Trang,Nu,Quan ly,HR,90,2024-11-25,Da nghi viec,10581837,2365645,0313163283,dominhtrang566@company.vn
158,Hoang Thanh Hoa,Nam,Truong phong,Marketing,84,2019-08-02,Da nghi viec,14568203,2125925,0100949163,hoangthanhhoa556@yahoo.com
159,Vu Thi Chi,Nam,Truong phong,Marketing,97,2018-08-05,Dang lam viec,15294838,2552271,0926850987,vuthichi721@company.vn
160,Vu Ngoc Khanh,Nu,Truong phong,Marketing,78,2018-08-01,Da nghi viec,22981379,2523214,0390108528,vungockhanh43@company.vn
161,Tran Ngoc Hoa,Nu,Quan ly,Marketing,90,2023-12-05,Dang lam viec,17835296,2495424,0467492537,tranngochoa493@gmail.com
162,Nguyen Hong Nam,Nu,Nhan vien,IT,78,2019-12-03,Dang lam viec,27450842,4178851,0182501158,nguyenhongnam309@gmail.com
163,Nguyen Duc Linh,Nam,Truong phong,IT,99,2020-05-02,Da nghi viec,26949329,4843541,0269436369,nguyenduclinh409@gmail.com
164,Bui Van Hoa,Nu,Nhan vien,Ke toan,78,2020-10-11,Da nghi viec,13416953,1582323,0936008599,buivanhoa599@gmail.com
165,Vu Thanh Binh,Nu,Truong phong,Ke toan,65,2018-02-08,Dang lam viec,13927538,4140361,0604059856,vuthanhbinh409@gmail.com
166,Do Van Khanh,Nu,Truong phong,HR,64,2023-03-08,Dang lam viec,9159287,2966769,0600453487,dovankhanh72@gmail.com
167,Tran Duc Nam,Nu,Truong phong,Marketing,98,2022-12-06,Da nghi viec,21852815,4815119,0457548011,tranducnam261@gmail.com
168,Tran Minh Nam,Nu,Truong phong,Marketing,71,2018-06-15,Da nghi viec,20870043,3962937,0251100101,tranminhnam75@gmail.com
169,Tran Van Khanh,Nu,Truong phong,HR,86,2019-03-15,Dang lam viec,12223694,3144456,0093541545,tranvankhanh311@yahoo.com
170,Tran Van Trang,Nu,Quan ly,IT,72,2019-11-11,Da nghi viec,12012475,4342959,0654447210,tranvantrang338@company.vn
171,Bui Ngoc Binh,Nam,Quan ly,Ke toan,72,2022-02-20,Dang lam viec,13630934,2239457,0648769100,buingocbinh639@yahoo.com
172,Phan Van Giang,Nu,Truong phong,Ke toan,94,2019-06-09,Da nghi viec,13562619,2820798,0900504774,phanvangiang149@yahoo.com
173,Pham Minh Chi,Nam,Truong phong,Ke toan,64,2023-01-06,Da nghi viec,13743087,1701968,0698389253,phamminhchi261@yahoo.com
174,Bui Van Chi,Nu,Quan ly,Ke toan,87,2024-12-31,Dang lam viec,13840292,2239492,0976897012,buivanchi34@yahoo.com
175,Dang Quang Linh,Nu,Nhan vien,IT,73,2020-05-16,Da nghi viec,28506657,3332170,0318243374,dangquanglinh929@gmail.com
176,Bui Minh Linh,Nu,Truong phong,Ke toan,87,2019-08-10,Da nghi viec,18787597,4235514,0680310490,buiminhlinh355@yahoo.com
177,Tran Van Linh,Nu,Quan ly,HR,87,2023-09-25,Dang lam viec,11443970,2710014,0087029271,tranvanlinh393@yahoo.com
178,Dang Minh An,Nu,Truong phong,HR,83,2023-10-19,Da nghi viec,10786023,2226869,0506745728,dangminhan387@gmail.com
179,Do Thi Nam,Nu,Quan ly,IT,73,2019-02-13,Dang lam viec,20200547,6696771,0238338585,dothinam691@yahoo.com
180,Do Thanh Dung,Nam,Quan ly,HR,83,2022-04-21,Da nghi viec,16109937,2755824,0808407638,dothanhdung284@yahoo.com
181,Nguyen Thi Hoa,Nu,Quan ly,Marketing,97,2019-02-12,Da nghi viec,19098879,4505850,0365229488,nguyenthihoa643@company.vn
182,Pham Duc Trang,Nam,Quan ly,IT,64,2022-11-11,Da nghi viec,24945337,5909547,0079534708,phamductrang562@gmail.com
183,Phan Hong Linh,Nu,Truong phong,HR,66,2023-11-21,Da nghi viec,10670338,3377981,0626334349,phanhonglinh314@yahoo.com
184,Phan Van Binh,Nam,Truong phong,IT,80,2021-07-03,Da nghi viec,23195271,2336712,0982991487,phanvanbinh566@gmail.com
185,Hoang Thanh An,Nu,Nhan vien,Marketing,62,2024-02-14,Dang lam viec,12687360,4116582,0145451555,hoangthanhan137@company.vn
186,Pham Van An,Nam,Quan ly,IT,74,2018-12-15,Da nghi viec,24297039,3137744,0108880530,phamvanan319@company.vn
187,Vu Minh Khanh,Nam,Nhan vien,Marketing,83,2021-12-10,Dang lam viec,24342221,5892402,0650700807,vuminhkhanh931@yahoo.com
188,Phan Quang Hoa,Nam,Quan ly,IT,72,2023-07-02,Da nghi viec,16873568,5817876,0574777341,phanquanghoa320@gmail.com
189,Do Van Khanh,Nam,Quan ly,Ke toan,62,2024-08-25,Da nghi viec,21094708,1923582,0168695733,dovankhanh12@company.vn
190,Vu Van Khanh,Nam,Quan ly,Marketing,70,2019-06-08,Dang lam viec,14169042,5964668,0857911449,vuvankhanh943@company.vn
191,Hoang Duc Khanh,Nu,Quan ly,HR,87,2021-05-19,Dang lam viec,16882644,3525428,0604417920,hoangduckhanh213@gmail.com
192,Nguyen Duc Hoa,Nam,Nhan vien,HR,91,2020-07-10,Dang lam viec,17274508,2840958,0639021091,nguyenduchoa33@gmail.com
193,Le Thi Hoa,Nu,Quan ly,IT,95,2024-02-10,Da nghi viec,24527978,5286692,0923740700,lethihoa606@yahoo.com
194,Phan Hong Hoa,Nu,Nhan vien,Ke toan,97,2021-05-18,Da nghi viec,21729227,3047411,0964716539,phanhonghoa100@yahoo.com
195,Bui Ngoc Chi,Nu,Quan ly,Ke toan,87,2024-10-10,Dang lam viec,21452049,2609224,0810689901,buingocchi147@yahoo.com
196,Pham Minh An,Nam,Nhan vien,Ke toan,83,2022-07-03,Dang lam viec,19685414,3703832,0617346625,phamminhan539@gmail.com
197,Phan Hong Chi,Nam,Nhan vien,Ke toan,62,2023-11-25,Dang lam viec,19761062,3018470,0582456385,phanhongchi130@yahoo.com
198,Nguyen Duc Trang,Nam,Nhan vien,Ke toan,83,2020-07-17,Dang lam viec,14693203,3912090,0363505003,nguyenductrang784@yahoo.com
199,Hoang Quang An,Nam,Quan ly,Marketing,60,2021-09-03,Dang lam viec,14846494,3931383,0643806389,hoangquangan461@gmail.com
200,Le Quang Binh,Nam,Quan ly,IT,65,2018-04-26,Dang lam viec,19791719,7377354,0147447293,lequangbinh210@gmail.com
201,Phan Van Dung,Nam,Truong phong,Marketing,89,2024-09-24,Dang lam viec,18962281,3304354,0405076111,phanvandung574@yahoo.com
202,Bui Hong Khanh,Nam,Truong phong,Ke toan,93,2022-06-01,Dang lam viec,13279945,2657760,0607638501,buihongkhanh675@yahoo.com
203,Tran Thanh An,Nam,Nhan vien,HR,97,2020-02-20,Da nghi viec,11550321,2208689,0439451803,tranthanhan23@gmail.com
204,Bui Hong Trang,Nam,Quan ly,IT,96,2021-07-04,Da nghi viec,24790907,5478267,0549407135,buihongtrang269@gmail.com
205,Phan Thi Binh,Nu,Nhan vien,Ke toan,72,2018-06-09,Da nghi viec,14694462,3292963,0683632012,phanthibinh975@company.vn
206,Pham Ngoc Giang,Nu,Truong phong,Marketing,63,2018-01-15,Dang lam viec,18529740,2204159,0270770271,phamngocgiang636@company.vn
207,Tran Hong Giang,Nam,Truong phong,Ke toan,65,2018-05-28,Da nghi viec,21668650,2988804,0177854298,tranhonggiang265@gmail.com
208,Vu Van Hoa,Nam,Truong phong,IT,89,2020-09-24,Da nghi viec,22651132,7842078,0197471630,vuvanhoa436@yahoo.com
209,Tran Ngoc Binh,Nam,Nhan vien,IT,70,2020-08-18,Dang lam viec,24128569,7590775,0874031404,tranngocbinh704@company.vn
210,Hoang Thanh Trang,Nu,Truong phong,IT,68,2018-03-08,Dang lam viec,29706486,6517228,0186660939,hoangthanhtrang317@yahoo.com
211,Pham Thanh Trang,Nu,Nhan vien,Marketing,67,2021-07-04,Da nghi viec,15315034,2246961,0823518487,phamthanhtrang691@company.vn
212,Do Thi Binh,Nam,Quan ly,Ke toan,80,2020-03-20,Da nghi viec,12479265,4647154,0308267016,dothibinh807@company.vn
213,Bui Thanh Hoa,Nu,Quan ly,HR,77,2020-10-08,Dang lam viec,11587882,2104539,0988662248,buithanhhoa737@gmail.com
214,Le Hong Chi,Nam,Nhan vien,IT,74,2023-08-08,Da nghi viec,21846604,3128396,0136245924,lehongchi774@company.vn
215,Tran Van Nam,Nu,Truong phong,IT,79,2024-03-01,Da nghi viec,17693817,7955799,0061519584,tranvannam581@company.vn
216,Nguyen Ngoc Trang,Nu,Nhan vien,HR,72,2020-01-22,Dang lam viec,18035036,1166168,0028247744,nguyenngoctrang942@yahoo.com
217,Tran Hong Trang,Nam,Nhan vien,IT,63,2022-11-09,Dang lam viec,15306845,2444069,0649973310,tranhongtrang746@gmail.com
218,Pham Duc Giang,Nam,Quan ly,Marketing,99,2024-06-03,Da nghi viec,22798418,5646766,0521302547,phamducgiang768@gmail.com
219,Le Minh Giang,Nu,Truong phong,IT,68,2023-01-15,Da nghi viec,14654004,4302952,0694740191,leminhgiang81@yahoo.com
220,Nguyen Minh Khanh,Nam,Truong phong,Marketing,76,2021-03-14,Dang lam viec,22331168,5305805,0766948692,nguyenminhkhanh802@gmail.com
221,Hoang Quang Nam,Nu,Quan ly,Ke toan,79,2020-02-15,Dang lam viec,12694521,1887704,0932295635,hoangquangnam379@gmail.com
222,Pham Thanh Linh,Nam,Quan ly,Marketing,81,2023-10-12,Dang lam viec,15589899,4902693,0399857875,phamthanhlinh641@yahoo.com
223,Tran Van Binh,Nam,Truong phong,IT,89,2024-06-30,Da nghi viec,24918013,5867159,0224699660,tranvanbinh549@yahoo.com
224,Do Quang Chi,Nu,Quan ly,Ke toan,87,2020-08-13,Da nghi viec,11947729,1597828,0752070629,doquangchi614@yahoo.com
225,Hoang Minh Linh,Nam,Nhan vien,IT,88,2019-10-29,Da nghi viec,14053904,2457433,0848855693,hoangminhlinh287@company.vn
226,Do Ngoc Chi,Nam,Truong phong,HR,72,2018-04-17,Dang lam viec,15998206,2615768,0283574640,dongocchi609@yahoo.com
227,Pham Duc Binh,Nu,Truong phong,Ke toan,75,2018-10-25,Dang lam viec,18903359,2803737,0106318596,phamducbinh433@company.vn
228,Bui Ngoc Binh,Nam,Truong phong,IT,65,2021-02-25,Dang lam viec,20509388,4034408,0589807521,buingocbinh946@yahoo.com
229,Hoang Van Linh,Nam,Quan ly,Marketing,89,2024-07-11,Da nghi viec,14150325,5775003,0188658045,hoangvanlinh535@company.vn
230,Dang Minh Nam,Nam,Quan ly,Ke toan,60,2021-04-14,Dang lam viec,20343796,3564993,0796963524,dangminhnam663@company.vn
231,Phan Thi Khanh,Nam,Nhan vien,Ke toan,72,2020-11-16,Da nghi viec,14917026,3941200,0399780164,phanthikhanh579@company.vn
232,Le Hong Dung,Nam,Nhan vien,Ke toan,91,2019-07-12,Dang lam viec,20665732,4140739,0323824043,lehongdung69@gmail.com
233,Phan Ngoc Chi,Nu,Quan ly,Marketing,85,2024-06-24,Da nghi viec,20801673,3006120,0649283684,phanngocchi938@yahoo.com
234,Do Hong Hoa,Nam,Nhan vien,IT,79,2024-09-12,Dang lam viec,20653511,5193309,0396820028,dohonghoa65@company.vn
235,Do Duc Khanh,Nu,Quan ly,Marketing,81,2019-12-02,Da nghi viec,14436496,4639647,0352781535,doduckhanh136@gmail.com
236,Bui Thi Chi,Nu,Nhan vien,IT,97,2024-05-04,Dang lam viec,14008135,5557494,0807775824,buithichi161@company.vn
237,Do Ngoc An,Nu,Truong phong,Ke toan,75,2024-02-20,Da nghi viec,12083496,2379709,0193883543,dongocan818@company.vn
238,Dang Quang Nam,Nam,Truong phong,HR,73,2024-10-06,Da nghi viec,15039537,2906575,0659288979,dangquangnam606@gmail.com
239,Pham Quang Binh,Nu,Truong phong,Marketing,63,2019-03-04,Dang lam viec,11167089,4603880,0720032151,phamquangbinh536@company.vn
240,Pham Van Dung,Nu,Truong phong,IT,87,2021-02-28,Da nghi viec,25475637,3036887,0520517799,phamvandung314@company.vn
241,Phan Ngoc Trang,Nam,Nhan vien,Ke toan,71,2020-07-28,Da nghi viec,21119903,2861541,0341786352,phanngoctrang744@company.vn
242,Tran Duc Khanh,Nam,Truong phong,HR,71,2019-06-05,Da nghi viec,14284126,1770987,0739256772,tranduckhanh737@yahoo.com
243,Tran Hong Khanh,Nu,Nhan vien,Marketing,85,2021-10-07,Dang lam viec,18371505,5729680,0394064592,tranhongkhanh175@yahoo.com
244,Pham Duc Nam,Nam,Nhan vien,IT,79,2019-02-12,Dang lam viec,22174607,5164083,0247160750,phamducnam433@gmail.com
245,Do Quang Chi,Nam,Quan ly,IT,69,2023-05-22,Da nghi viec,26465220,5533626,0801770145,doquangchi585@yahoo.com
246,Le Hong Trang,Nu,Truong phong,IT,67,2023-10-06,Dang lam viec,26813637,2431828,0119593213,lehongtrang724@yahoo.com
247,Pham Thi Khanh,Nu,Truong phong,Ke toan,61,2018-08-28,Da nghi viec,17371449,2006097,0463394559,phamthikhanh682@company.vn
248,Phan Minh Khanh,Nu,Nhan vien,Marketing,85,2024-06-26,Dang lam viec,23476642,4670224,0608249869,phanminhkhanh250@gmail.com
249,Hoang Van An,Nam,Nhan vien,IT,61,2020-10-01,Da nghi viec,12029476,2186122,0880454657,hoangvanan819@yahoo.com
250,Dang Minh An,Nu,Truong phong,IT,94,2019-12-29,Dang lam viec,15886280,4610914,0083150385,dangminhan899@yahoo.com
251,Pham Hong Linh,Nu,Truong phong,Ke toan,74,2020-06-23,Dang lam viec,10272163,3661985,0233967956,phamhonglinh967@yahoo.com
252,Tran Ngoc Linh,Nam,Quan ly,IT,97,2019-01-11,Dang lam viec,17275637,3900175,0757229803,tranngoclinh906@company.vn
253,Tran Minh Dung,Nam,Truong phong,Ke toan,60,2019-11-04,Da nghi viec,15923420,1763874,0049468106,tranminhdung240@company.vn
254,Nguyen Hong Dung,Nu,Quan ly,Ke toan,82,2020-07-11,Dang lam viec,12858576,3584112,0308575025,nguyenhongdung907@yahoo.com
255,Bui Thi Chi,Nu,Nhan vien,Ke toan,63,2022-10-29,Da nghi viec,14495612,2775609,0876502456,buithichi167@gmail.com
256,Le Thanh Khanh,Nu,Truong phong,IT,69,2020-10-16,Da nghi viec,18902645,2210638,0473828480,lethanhkhanh183@company.vn
257,Hoang Thi Nam,Nam,Truong phong,IT,69,2019-05-03,Da nghi viec,13122002,3209668,0931463201,hoangthinam777@company.vn
258,Hoang Duc Giang,Nam,Nhan vien,Marketing,83,2018-02-04,Da nghi viec,23961515,5941699,0170411216,hoangducgiang54@yahoo.com
259,Le Hong Nam,Nam,Nhan vien,Ke toan,94,2022-09-22,Da nghi viec,19468300,1713595,0218829030,lehongnam221@yahoo.com
260,Phan Thanh Chi,Nu,Quan ly,Marketing,60,2022-05-05,Dang lam viec,16559405,2842743,0712814415,phanthanhchi589@yahoo.com
261,Do Ngoc Hoa,Nu,Truong phong,Ke toan,63,2024-06-21,Da nghi viec,17375768,4234822,0968589658,dongochoa963@gmail.com
262,Dang Van Khanh,Nam,Quan ly,HR,94,2018-11-08,Da nghi viec,13374792,3728010,0085549996,dangvankhanh639@yahoo.com
263,Hoang Ngoc Khanh,Nam,Quan ly,Ke toan,63,2019-07-02,Da nghi viec,14941378,2428677,0363881661,hoangngockhanh744@gmail.com
264,Le Hong An,Nu,Quan ly,HR,90,2021-07-24,Da nghi viec,9305572,3206245,0003339523,lehongan935@company.vn
265,Nguyen Van Chi,Nam,Truong phong,Marketing,69,2021-09-27,Da nghi viec,13778617,5981760,0470306380,nguyenvanchi228@company.vn
266,Pham Thi Trang,Nu,Truong phong,IT,65,2018-02-12,Dang lam viec,17037259,6040193,0205136050,phamthitrang13@yahoo.com
267,Phan Ngoc Trang,Nam,Nhan vien,Ke toan,100,2023-01-29,Da nghi viec,20874603,4636695,0734597860,phanngoctrang74@yahoo.com
268,Do Van Linh,Nam,Truong phong,Marketing,69,2021-10-15,Da nghi viec,20440012,5112126,0549936181,dovanlinh836@gmail.com
269,Tran Thanh Binh,Nam,Nhan vien,Marketing,79,2019-06-20,Dang lam viec,19560329,3575516,0257705201,tranthanhbinh502@gmail.com
270,Vu Thi Khanh,Nu,Quan ly,Ke toan,100,2024-06-28,Dang lam viec,11921877,1976537,0431531307,vuthikhanh859@company.vn
271,Nguyen Hong Linh,Nam,Truong phong,IT,88,2020-03-04,Da nghi viec,25181498,7614790,0404836835,nguyenhonglinh142@company.vn
272,Dang Thanh Khanh,Nu,Truong phong,IT,65,2023-01-25,Dang lam viec,15783112,3629846,0818465391,dangthanhkhanh287@yahoo.com
273,Bui Thi Nam,Nam,Quan ly,Marketing,71,2018-09-01,Da nghi viec,16536590,2112152,0140006125,buithinam845@company.vn
274,Pham Duc Giang,Nu,Quan ly,Marketing,99,2019-03-07,Dang lam viec,24105577,5136848,0609931985,phamducgiang6@company.vn
275,Vu Quang Hoa,Nam,Nhan vien,Ke toan,61,2024-12-17,Dang lam viec,18179308,2575540,0957821611,vuquanghoa510@gmail.com
276,Le Thi An,Nam,Nhan vien,Marketing,100,2020-06-27,Da nghi viec,20479268,3983970,0560461265,lethian837@company.vn
277,Le Thi An,Nam,Truong phong,IT,91,2019-11-22,Dang lam viec,22772590,3628240,0918963149,lethian578@company.vn
278,Hoang Thanh Khanh,Nam,Quan ly,HR,66,2022-06-08,Da nghi viec,14160873,2690128,0169701789,hoangthanhkhanh691@gmail.com
279,Tran Minh An,Nu,Quan ly,HR,67,2018-04-22,Dang lam viec,10112364,3680556,0554260325,tranminhan677@gmail.com
280,Vu Minh An,Nam,Quan ly,HR,96,2020-10-05,Da nghi viec,15958141,3608163,0154276333,vuminhan900@company.vn
281,Do Van An,Nam,Nhan vien,Marketing,86,2021-06-17,Dang lam viec,22754371,5357636,0021702718,dovanan485@gmail.com
282,Vu Thi Hoa,Nam,Truong phong,HR,92,2023-10-15,Da nghi viec,13823778,2954872,0345309108,vuthihoa378@gmail.com
283,Nguyen Thi Hoa,Nu,Nhan vien,Marketing,74,2023-05-16,Dang lam viec,24180840,4453225,0242498471,nguyenthihoa175@yahoo.com
284,Hoang Van Linh,Nam,Truong phong,Ke toan,69,2024-04-19,Dang lam viec,15578732,3468827,0276457562,hoangvanlinh906@company.vn
285,Nguyen Quang Dung,Nu,Quan ly,IT,66,2021-01-14,Dang lam viec,19114553,5278859,0387125779,nguyenquangdung970@company.vn
286,Tran Quang Khanh,Nu,Quan ly,HR,95,2020-04-25,Dang lam viec,14459307,3164959,0483862616,tranquangkhanh712@gmail.com
287,Dang Thanh Hoa,Nu,Quan ly,IT,60,2021-03-31,Da nghi viec,16424575,4456260,0230742355,dangthanhhoa257@yahoo.com
288,Vu Thanh Binh,Nam,Quan ly,IT,68,2020-05-13,Da nghi viec,21302579,6916724,0448589790,vuthanhbinh390@gmail.com
289,Vu Duc An,Nu,Truong phong,IT,85,2019-01-17,Dang lam viec,22302388,2780124,0984246377,vuducan883@gmail.com
290,Vu Ngoc Hoa,Nam,Quan ly,IT,67,2022-06-17,Dang lam viec,20641720,5941786,0942243478,vungochoa140@company.vn
291,Bui Quang Nam,Nam,Quan ly,IT,78,2019-07-08,Dang lam viec,25117650,6403891,0121157383,buiquangnam439@yahoo.com
292,Pham Quang Chi,Nam,Quan ly,HR,94,2024-03-11,Dang lam viec,16191538,3284009,0707913004,phamquangchi705@company.vn
293,Do Van Trang,Nu,Quan ly,Marketing,80,2018-10-08,Dang lam viec,16538390,4382043,0768020644,dovantrang297@company.vn
294,Nguyen Thi Binh,Nu,Nhan vien,IT,71,2020-04-13,Dang lam viec,21862187,4605851,0086485716,nguyenthibinh414@gmail.com
295,Tran Hong Giang,Nam,Quan ly,Marketing,72,2024-05-07,Da nghi viec,18103939,3752358,0318991785,tranhonggiang408@gmail.com
296,Hoang Quang Hoa,Nu,Nhan vien,HR,60,2024-07-03,Da nghi viec,17268565,3674312,0139285756,hoangquanghoa196@yahoo.com
297,Do Ngoc Giang,Nam,Quan ly,Marketing,85,2020-06-25,Da nghi viec,16116092,5446246,0034996070,dongocgiang564@yahoo.com
298,Vu Duc An,Nu,Quan ly,Ke toan,60,2024-07-23,Dang lam viec,19916372,1856779,0186255295,vuducan83@company.vn
299,Le Ngoc Binh,Nam,Nhan vien,IT,92,2023-04-05,Da nghi viec,19970639,4653867,0208881508,lengocbinh166@yahoo.com
300,Nguyen Quang Giang,Nu,Nhan vien,Marketing,95,2022-09-18,Dang lam viec,11508282,5820269,0609361222,nguyenquanggiang154@yahoo.com
301,Do Thanh Hoa,Nu,Truong phong,IT,79,2020-02-01,Dang lam viec,15259067,5807915,0599279378,dothanhhoa597@gmail.com
302,Vu Minh Chi,Nu,Quan ly,IT,91,2020-01-27,Da nghi viec,13161901,2672704,0379378368,vuminhchi823@company.vn
303,Vu Quang Chi,Nam,Quan ly,IT,87,2019-07-13,Da nghi viec,26704508,4989307,0565391718,vuquangchi236@yahoo.com
304,Hoang Van Linh,Nu,Nhan vien,Marketing,75,2024-01-22,Dang lam viec,21307416,3129728,0476229236,hoangvanlinh335@company.vn
305,Vu Thanh An,Nu,Truong phong,Ke toan,78,2024-07-12,Dang lam viec,11517417,2187394,0177494962,vuthanhan244@gmail.com
306,Bui Van Hoa,Nam,Truong phong,Ke toan,89,2019-10-24,Dang lam viec,10296183,2013587,0826618100,buivanhoa86@company.vn
307,Bui Hong Giang,Nu,Nhan vien,HR,94,2021-06-23,Dang lam viec,15465140,1116776,0055451143,buihonggiang19@gmail.com
308,Nguyen Thi Khanh,Nam,Nhan vien,Marketing,71,2020-10-26,Da nghi viec,18754216,4901772,0206403114,nguyenthikhanh497@company.vn
309,Vu Ngoc Dung,Nam,Nhan vien,Ke toan,100,2018-03-11,Dang lam viec,11239410,4139810,0851977965,vungocdung626@company.vn
310,Do Hong Chi,Nu,Nhan vien,HR,94,2020-01-15,Dang lam viec,11230058,2287548,0441774604,dohongchi385@yahoo.com
311,Le Minh Dung,Nam,Quan ly,IT,76,2024-03-26,Dang lam viec,13000222,5599385,0949178452,leminhdung930@yahoo.com
312,Hoang Quang Dung,Nu,Quan ly,Ke toan,71,2024-09-13,Dang lam viec,13094525,2990463,0837780326,hoangquangdung181@gmail.com
313,Vu Minh Nam,Nam,Nhan vien,Marketing,61,2022-08-28,Da nghi viec,20928219,4845119,0777036220,vuminhnam975@company.vn
314,Vu Minh Linh,Nu,Nhan vien,Marketing,70,2018-10-21,Dang lam viec,13364089,5816257,0524907020,vuminhlinh455@gmail.com
315,Hoang Hong Trang,Nu,Quan ly,Marketing,80,2022-09-18,Dang lam viec,16279347,4348132,0838036280,hoanghongtrang840@gmail.com
316,Hoang Ngoc Trang,Nu,Quan ly,IT,73,2024-07-15,Dang lam viec,16338127,7750722,0002474785,hoangngoctrang128@company.vn
317,Pham Ngoc Hoa,Nu,Quan ly,Marketing,99,2022-01-12,Da nghi viec,22206622,4611800,0956761003,phamngochoa736@company.vn
318,Bui Ngoc Chi,Nu,Nhan vien,Marketing,72,2023-02-27,Dang lam viec,20710242,5226745,0420013586,buingocchi346@gmail.com
319,Bui Minh Giang,Nam,Truong phong,Marketing,91,2022-11-08,Dang lam viec,14818903,2541524,0609671116,buiminhgiang687@yahoo.com
320,Phan Hong Linh,Nu,Truong phong,Ke toan,92,2023-06-23,Dang lam viec,12195695,3452304,0861798890,phanhonglinh840@yahoo.com
321,Nguyen Hong Nam,Nam,Truong phong,Marketing,95,2018-03-08,Dang lam viec,18631603,2440712,0120280602,nguyenhongnam515@gmail.com
322,Pham Van Khanh,Nam,Quan ly,IT,80,2022-07-30,Dang lam viec,21249559,6092292,0215316289,phamvankhanh344@gmail.com
323,Hoang Minh Dung,Nu,Nhan vien,Ke toan,90,2024-06-18,Da nghi viec,19364171,2857527,0360433633,hoangminhdung500@company.vn
324,Le Thi Binh,Nam,Quan ly,HR,98,2021-04-23,Dang lam viec,18168659,2645804,0788473026,lethibinh820@gmail.com
325,Pham Thanh Binh,Nu,Nhan vien,Ke toan,82,2018-02-18,Da nghi viec,20735302,3169420,0497434618,phamthanhbinh67@company.vn
326,Nguyen Quang Nam,Nam,Nhan vien,IT,67,2021-07-29,Da nghi viec,20231913,7301985,0308148606,nguyenquangnam133@yahoo.com
327,Pham Hong Dung,Nam,Nhan vien,Marketing,77,2022-05-03,Da nghi viec,22645651,2566777,0790331552,phamhongdung281@yahoo.com
328,Dang Van Linh,Nam,Nhan vien,Ke toan,90,2018-03-01,Da nghi viec,19644407,3354238,0925611826,dangvanlinh963@gmail.com
329,Do Thanh Hoa,Nu,Nhan vien,Ke toan,73,2020-06-11,Da nghi viec,11617559,2299642,0335149661,dothanhhoa929@gmail.com
330,Hoang Thi Khanh,Nam,Truong phong,Marketing,65,2023-04-04,Da nghi viec,16245366,5221773,0285394206,hoangthikhanh116@company.vn
331,Hoang Van Linh,Nu,Nhan vien,HR,88,2020-12-01,Da nghi viec,16694936,3805792,0234103937,hoangvanlinh789@company.vn
332,Bui Thi Linh,Nu,Truong phong,HR,97,2021-09-09,Dang lam viec,9454691,3200880,0358543387,buithilinh703@yahoo.com
333,Hoang Ngoc Binh,Nu,Nhan vien,HR,80,2021-10-19,Da nghi viec,17062796,2835381,0824820890,hoangngocbinh934@yahoo.com
334,Dang Hong Giang,Nu,Nhan vien,Ke toan,61,2022-09-09,Dang lam viec,13134775,3083569,0413462420,danghonggiang41@gmail.com
335,Phan Minh Chi,Nam,Quan ly,Ke toan,85,2019-05-29,Dang lam viec,13732645,1866592,0738543049,phanminhchi532@gmail.com
336,Dang Minh Dung,Nam,Quan ly,IT,92,2019-11-22,Da nghi viec,25195228,4866628,0171769165,dangminhdung37@company.vn
337,Tran Van Linh,Nu,Truong phong,Ke toan,63,2022-03-20,Dang lam viec,16404858,1735980,0875130720,tranvanlinh581@yahoo.com
338,Nguyen Duc Chi,Nu,Truong phong,IT,62,2020-01-13,Da nghi viec,19671691,6725138,0071888033,nguyenducchi936@gmail.com
339,Do Ngoc Khanh,Nam,Nhan vien,HR,99,2019-01-08,Da nghi viec,16802697,2916494,0732545809,dongockhanh913@yahoo.com
340,Vu Duc Hoa,Nam,Nhan vien,Ke toan,94,2019-05-20,Dang lam viec,18028873,3472159,0043674661,vuduchoa743@yahoo.com
341,Nguyen Quang Binh,Nu,Nhan vien,HR,61,2024-07-31,Dang lam viec,11641344,3236882,0923812962,nguyenquangbinh977@company.vn
342,Dang Thanh Nam,Nam,Truong phong,IT,65,2019-07-22,Dang lam viec,23663862,2918480,0778531696,dangthanhnam547@company.vn
343,Tran Ngoc Trang,Nu,Quan ly,HR,70,2021-06-16,Da nghi viec,16162066,3175054,0998166487,tranngoctrang73@company.vn
344,Vu Duc An,Nu,Quan ly,IT,81,2018-06-24,Dang lam viec,26432184,5770914,0775259666,vuducan889@gmail.com
345,Do Duc Linh,Nu,Truong phong,Ke toan,91,2023-06-23,Dang lam viec,11953300,2702456,0106388579,doduclinh194@gmail.com
346,Bui Thi Giang,Nu,Quan ly,IT,70,2021-04-02,Dang lam viec,27863145,3778892,0027447464,buithigiang520@gmail.com
347,Nguyen Minh Dung,Nam,Quan ly,Ke toan,74,2022-07-28,Da nghi viec,18952576,1761565,0126569495,nguyenminhdung822@company.vn
348,Tran Thi Nam,Nu,Truong phong,Marketing,81,2021-10-04,Dang lam viec,19662350,2752740,0000167304,tranthinam951@gmail.com
349,Le Duc Trang,Nam,Truong phong,Ke toan,65,2018-12-01,Dang lam viec,14553803,4722584,0356842204,leductrang688@gmail.com
350,Le Ngoc Chi,Nu,Quan ly,HR,97,2022-05-28,Dang lam viec,11196973,1539752,0568851928,lengocchi31@company.vn
351,Dang Minh Chi,Nu,Truong phong,Ke toan,73,2019-05-15,Da nghi viec,15157744,3996205,0456987000,dangminhchi10@company.vn
352,Bui Thanh Khanh,Nu,Truong phong,Marketing,71,2018-09-24,Da nghi viec,24485582,5587723,0409140425,buithanhkhanh25@company.vn
353,Tran Thi Linh,Nu,Quan ly,HR,86,2020-09-17,Da nghi viec,10002530,1198892,0515874682,tranthilinh993@company.vn
354,Phan Thanh An,Nu,Truong phong,Ke toan,70,2018-11-07,Dang lam viec,16836810,2907516,0116475048,phanthanhan993@company.vn
355,Tran Duc Linh,Nam,Truong phong,Marketing,62,2022-03-03,Dang lam viec,13270241,5203829,0234619869,tranduclinh195@yahoo.com
356,Nguyen Van Chi,Nu,Quan ly,Marketing,91,2024-11-06,Dang lam viec,13275946,3615612,0027095121,nguyenvanchi738@gmail.com
357,Dang Duc Giang,Nu,Truong phong,IT,70,2023-06-05,Da nghi viec,12569260,7200970,0078452760,dangducgiang767@company.vn
358,Le Thi An,Nu,Quan ly,IT,67,2024-08-17,Da nghi viec,16204686,5801211,0711126378,lethian994@yahoo.com
359,Pham Duc Giang,Nu,Truong phong,HR,66,2021-02-16,Dang lam viec,17775235,2262808,0279092488,phamducgiang295@yahoo.com
360,Dang Van An,Nu,Nhan vien,Ke toan,66,2023-06-15,Da nghi viec,14629115,3665228,0264331535,dangvanan186@gmail.com
361,Le Thi Trang,Nu,Quan ly,Ke toan,68,2020-02-06,Da nghi viec,13989416,2618759,0887939353,lethitrang256@company.vn
362,Tran Thi Chi,Nu,Quan ly,HR,62,2019-02-27,Da nghi viec,10465810,2118841,0558253133,tranthichi151@company.vn
363,Dang Thi Khanh,Nam,Quan ly,Ke toan,67,2020-03-10,Dang lam viec,10693171,3079307,0354171768,dangthikhanh181@yahoo.com
364,Dang Thi Trang,Nu,Quan ly,HR,95,2019-05-06,Da nghi viec,17836132,3745014,0422948870,dangthitrang312@gmail.com
365,Bui Hong Linh,Nu,Nhan vien,IT,60,2018-12-05,Da nghi viec,28895169,6091809,0538383670,buihonglinh438@yahoo.com
366,Vu Quang Giang,Nam,Truong phong,IT,72,2020-01-22,Da nghi viec,22630476,2585436,0423895417,vuquanggiang852@company.vn
367,Phan Quang An,Nam,Nhan vien,HR,74,2018-08-12,Da nghi viec,16715178,3358150,0408189538,phanquangan835@gmail.com
368,Do Minh Hoa,Nam,Truong phong,IT,79,2024-07-25,Dang lam viec,17414380,3034758,0837275187,dominhhoa341@company.vn
369,Hoang Duc Linh,Nam,Quan ly,Marketing,63,2021-05-16,Da nghi viec,18609110,3517362,0723361608,hoangduclinh223@gmail.com
370,Do Ngoc Trang,Nam,Nhan vien,IT,83,2023-04-30,Dang lam viec,25504225,4243488,0963861319,dongoctrang146@company.vn
371,Bui Hong Khanh,Nu,Quan ly,IT,100,2021-02-28,Da nghi viec,13638956,7303286,0194381044,buihongkhanh723@gmail.com
372,Dang Hong Linh,Nu,Nhan vien,HR,95,2018-03-07,Dang lam viec,19040766,2744747,0968598253,danghonglinh93@company.vn
373,Nguyen Minh Nam,Nu,Quan ly,Marketing,96,2022-08-25,Da nghi viec,22854363,5964871,0830254915,nguyenminhnam674@yahoo.com
374,Phan Minh Chi,Nam,Nhan vien,Marketing,82,2020-06-26,Dang lam viec,13557994,5072104,0267316833,phanminhchi216@yahoo.com
375,Dang Minh Khanh,Nam,Truong phong,Ke toan,87,2023-08-02,Da nghi viec,21002327,4527526,0455677739,dangminhkhanh951@gmail.com
376,Le Minh Trang,Nam,Quan ly,IT,84,2022-10-29,Da nghi viec,17792274,2665513,0790096566,leminhtrang352@gmail.com
377,Do Thi An,Nu,Nhan vien,Marketing,92,2020-09-01,Dang lam viec,19452585,2011819,0964963025,dothian418@company.vn
378,Pham Hong Chi,Nam,Truong phong,Marketing,68,2024-08-27,Da nghi viec,13100849,2453522,0785811651,phamhongchi746@company.vn
379,Le Thanh Chi,Nu,Truong phong,Ke toan,99,2020-03-13,Dang lam viec,14632549,1623695,0843831249,lethanhchi876@gmail.com
380,Tran Minh Hoa,Nam,Nhan vien,Ke toan,63,2021-07-11,Dang lam viec,10409483,4354108,0103081826,tranminhhoa275@gmail.com
381,Tran Minh Nam,Nam,Nhan vien,IT,64,2024-03-28,Da nghi viec,17780210,4259735,0411582233,tranminhnam476@yahoo.com
382,Le Hong Giang,Nu,Nhan vien,Marketing,70,2022-03-06,Dang lam viec,14374513,5441484,0898426895,lehonggiang434@yahoo.com
383,Tran Ngoc Dung,Nam,Nhan vien,Ke toan,69,2023-11-25,Da nghi viec,21597425,1979739,0393729997,tranngocdung235@gmail.com
384,Phan Thanh Dung,Nu,Nhan vien,Ke toan,66,2024-12-16,Dang lam viec,18095893,3022351,0830142436,phanthanhdung682@yahoo.com
385,Nguyen Duc Dung,Nam,Nhan vien,HR,63,2024-07-25,Dang lam viec,12648329,2569278,0848980671,nguyenducdung546@company.vn
386,Nguyen Ngoc Trang,Nu,Quan ly,HR,76,2023-04-16,Da nghi viec,17428958,1076068,0543905967,nguyenngoctrang862@yahoo.com
387,Dang Thi Dung,Nu,Nhan vien,HR,84,2018-10-01,Da nghi viec,13817005,2441484,0365466338,dangthidung503@yahoo.com
388,Vu Duc An,Nam,Truong phong,Marketing,84,2022-01-04,Dang lam viec,23375463,3030192,0809524936,vuducan142@company.vn
389,Phan Hong Nam,Nam,Truong phong,HR,91,2023-03-16,Da nghi viec,19337758,1760334,0205966117,phanhongnam121@gmail.com
390,Vu Quang Chi,Nam,Nhan vien,Marketing,97,2023-09-01,Da nghi viec,12943945,2215643,0389154919,vuquangchi569@yahoo.com
391,Phan Duc Dung,Nu,Quan ly,Marketing,94,2022-07-28,Dang lam viec,22151066,3685986,0196468670,phanducdung376@yahoo.com
392,Tran Ngoc Binh,Nam,Nhan vien,Ke toan,84,2023-04-23,Da nghi viec,15653386,3222852,0610748927,tranngocbinh701@gmail.com
393,Pham Thanh An,Nam,Quan ly,Ke toan,100,2022-04-05,Da nghi viec,14146424,3330232,0263788960,phamthanhan520@yahoo.com
394,Hoang Duc Giang,Nu,Quan ly,HR,79,2021-01-13,Da nghi viec,15408096,2914567,0918579488,hoangducgiang517@yahoo.com
395,Nguyen Van Giang,Nu,Truong phong,Marketing,90,2021-12-09,Dang lam viec,11794940,5223039,0251488397,nguyenvangiang615@company.vn
396,Vu Thanh Chi,Nu,Nhan vien,Ke toan,77,2023-12-30,Da nghi viec,17624921,4403105,0878484068,vuthanhchi617@gmail.com
397,Do Quang Dung,Nu,Nhan vien,Marketing,100,2019-01-15,Da nghi viec,20657530,5269586,0917377402,doquangdung394@yahoo.com
398,Dang Quang Chi,Nu,Truong phong,Marketing,91,2019-04-13,Dang lam viec,21818405,5904518,0062729093,dangquangchi435@company.vn
399,Le Duc Giang,Nu,Truong phong,IT,65,2020-04-22,Da nghi viec,23183698,2611540,0208029213,leducgiang933@yahoo.com
400,Le Ngoc Trang,Nam,Nhan vien,IT,76,2020-07-07,Dang lam viec,17132255,3168465,0827695871,lengoctrang516@company.vn
401,Bui Quang Hoa,Nam,Truong phong,Marketing,94,2018-08-28,Da nghi viec,15544979,2075365,0394453286,buiquanghoa869@company.vn
402,Nguyen Thanh Chi,Nam,Quan ly,IT,74,2018-03-09,Dang lam viec,28397433,3814087,0822679474,nguyenthanhchi191@gmail.com
403,Phan Duc Chi,Nam,Truong phong,HR,80,2023-12-09,Dang lam viec,14216623,3960854,0990563390,phanducchi276@company.vn
404,Dang Minh Binh,Nam,Quan ly,IT,68,2024-11-25,Da nghi viec,20701006,3450444,0583453378,dangminhbinh270@company.vn
405,Bui Minh Hoa,Nam,Truong phong,Marketing,94,2022-09-13,Dang lam viec,17599252,5388698,0001483122,buiminhhoa445@yahoo.com
406,Vu Thanh Linh,Nu,Truong phong,Marketing,91,2024-09-10,Dang lam viec,24661450,3972409,0794374742,vuthanhlinh663@yahoo.com
407,Pham Ngoc Khanh,Nu,Truong phong,Ke toan,73,2023-09-08,Da nghi viec,21084522,2351269,0191666401,phamngockhanh585@gmail.com
408,Le Van Dung,Nam,Truong phong,HR,81,2019-02-25,Dang lam viec,9926083,3268035,0416515287,levandung694@company.vn
409,Hoang Hong An,Nu,Truong phong,IT,91,2018-12-24,Dang lam viec,15844061,7059111,0045436704,hoanghongan631@company.vn
410,Do Duc Khanh,Nam,Truong phong,Marketing,100,2020-02-27,Da nghi viec,24958863,2216791,0827709602,doduckhanh821@company.vn
411,Phan Minh Nam,Nam,Quan ly,Marketing,85,2018-10-05,Da nghi viec,21537246,2324927,0280492728,phanminhnam730@gmail.com
412,Pham Thanh Trang,Nam,Nhan vien,Marketing,63,2022-05-15,Da nghi viec,18007010,4472231,0115478402,phamthanhtrang700@yahoo.com
413,Nguyen Duc Khanh,Nu,Quan ly,IT,78,2020-01-24,Dang lam viec,18751454,7944270,0539152306,nguyenduckhanh272@gmail.com
414,Tran Hong An,Nam,Nhan vien,Ke toan,85,2024-09-09,Da nghi viec,12218080,3098937,0200835330,tranhongan112@gmail.com
415,Le Hong Binh,Nam,Truong phong,Ke toan,88,2020-03-03,Dang lam viec,16518911,4757310,0210699479,lehongbinh618@yahoo.com
416,Pham Quang Giang,Nam,Truong phong,Ke toan,78,2019-08-03,Da nghi viec,10509221,4042529,0280090565,phamquanggiang563@company.vn
417,Tran Thanh Trang,Nam,Nhan vien,Ke toan,81,2024-03-22,Dang lam viec,21629465,2232281,0737161865,tranthanhtrang891@gmail.com
418,Vu Quang An,Nam,Truong phong,Ke toan,96,2019-01-02,Dang lam viec,14419489,2265287,0118765753,vuquangan609@yahoo.com
419,Do Quang Binh,Nam,Truong phong,Ke toan,80,2021-12-02,Dang lam viec,17015557,4417163,0492793566,doquangbinh776@yahoo.com
420,Vu Duc Binh,Nam,Nhan vien,IT,89,2018-02-26,Da nghi viec,21096136,5275562,0932049465,vuducbinh575@company.vn
421,Phan Quang Khanh,Nam,Nhan vien,HR,77,2018-10-28,Da nghi viec,9154673,1094667,0371564969,phanquangkhanh699@company.vn
422,Phan Quang Dung,Nam,Quan ly,HR,73,2019-08-29,Dang lam viec,9059844,3664912,0539282863,phanquangdung642@yahoo.com
423,Pham Thi Binh,Nam,Nhan vien,HR,96,2022-06-02,Da nghi viec,10701216,2393864,0269629843,phamthibinh507@yahoo.com
424,Vu Thanh Giang,Nam,Truong phong,Marketing,99,2023-12-22,Dang lam viec,24544962,5465398,0600818063,vuthanhgiang687@gmail.com
425,Nguyen Duc Khanh,Nam,Truong phong,Ke toan,61,2020-06-29,Dang lam viec,18767881,2884750,0313446797,nguyenduckhanh552@yahoo.com
426,Le Duc Nam,Nu,Truong phong,Ke toan,88,2018-07-19,Da nghi viec,21923533,1574862,0401792356,leducnam956@company.vn
427,Bui Ngoc Binh,Nam,Truong phong,HR,77,2019-03-29,Dang lam viec,16014232,1649302,0888150527,buingocbinh24@company.vn
428,Hoang Thanh Chi,Nam,Quan ly,HR,99,2020-11-21,Da nghi viec,12275414,2568429,0303737811,hoangthanhchi972@yahoo.com
429,Dang Thanh Giang,Nam,Truong phong,Ke toan,86,2024-04-04,Dang lam viec,18528196,1563629,0043240069,dangthanhgiang631@yahoo.com
430,Pham Minh Linh,Nam,Truong phong,Ke toan,77,2022-02-14,Dang lam viec,21566351,1696651,0690094569,phamminhlinh29@yahoo.com
431,Nguyen Thi Trang,Nam,Quan ly,Ke toan,99,2021-02-01,Dang lam viec,14164860,2436103,0508281441,nguyenthitrang154@company.vn
432,Bui Minh Nam,Nu,Nhan vien,Marketing,71,2022-06-14,Dang lam viec,22055563,5373820,0751775210,buiminhnam629@company.vn
433,Phan Minh Hoa,Nam,Quan ly,IT,88,2022-12-10,Dang lam viec,21883458,2154197,0135050237,phanminhhoa360@gmail.com
434,Phan Quang Hoa,Nam,Truong phong,Marketing,86,2022-07-23,Dang lam viec,13748173,5054280,0436809134,phanquanghoa563@yahoo.com
435,Vu Quang Linh,Nu,Nhan vien,Ke toan,94,2019-09-24,Dang lam viec,10974567,2108783,0099668174,vuquanglinh986@company.vn
436,Pham Thanh Dung,Nam,Truong phong,IT,97,2023-06-17,Dang lam viec,24112367,3267782,0960598790,phamthanhdung441@yahoo.com
437,Bui Hong Trang,Nam,Quan ly,Marketing,98,2022-03-30,Dang lam viec,15308684,4468972,0947341724,buihongtrang268@company.vn
438,Hoang Thi Dung,Nam,Truong phong,IT,86,2023-05-10,Da nghi viec,24704722,6099129,0107157226,hoangthidung418@yahoo.com
439,Le Hong Linh,Nu,Truong phong,Marketing,77,2022-07-02,Da nghi viec,22461303,3941062,0936050984,lehonglinh172@yahoo.com
440,Le Ngoc Trang,Nu,Nhan vien,Ke toan,70,2020-11-12,Dang lam viec,17763124,2530112,0245615850,lengoctrang19@gmail.com
441,Hoang Thi Dung,Nu,Truong phong,Marketing,86,2021-06-19,Da nghi viec,13036652,4408344,0953641088,hoangthidung458@company.vn
442,Do Minh An,Nam,Truong phong,HR,75,2019-03-29,Dang lam viec,14658777,1583277,0333188805,dominhan230@company.vn
443,Dang Thi Chi,Nam,Truong phong,Marketing,77,2019-07-19,Da nghi viec,18188532,4187146,0889330473,dangthichi585@gmail.com
444,Pham Hong Dung,Nam,Nhan vien,Ke toan,74,2018-05-01,Dang lam viec,20465125,1535494,0937230241,phamhongdung239@company.vn
445,Dang Duc Giang,Nu,Truong phong,Ke toan,79,2018-12-21,Dang lam viec,17189954,1617954,0925359158,dangducgiang844@company.vn
446,Le Duc Linh,Nu,Quan ly,Marketing,72,2018-10-11,Dang lam viec,12398519,4166540,0755007687,leduclinh937@gmail.com
447,Bui Quang Khanh,Nu,Nhan vien,HR,81,2019-10-02,Da nghi viec,19560084,1381891,0445177998,buiquangkhanh520@yahoo.com
448,Vu Van Khanh,Nu,Truong phong,IT,93,2019-01-25,Da nghi viec,27071306,6182104,0581216939,vuvankhanh512@yahoo.com
449,Pham Minh Giang,Nu,Quan ly,HR,90,2023-01-23,Dang lam viec,16596461,1391253,0556550571,phamminhgiang263@company.vn
450,Tran Hong Giang,Nam,Quan ly,Marketing,77,2018-11-05,Dang lam viec,18558677,2784553,0636269780,tranhonggiang30@company.vn
451,Phan Hong Hoa,Nam,Quan ly,IT,70,2022-05-01,Da nghi viec,25339248,2369157,0157989253,phanhonghoa2@yahoo.com
452,Pham Thanh Dung,Nu,Truong phong,Ke toan,71,2019-06-19,Dang lam viec,15149834,3841193,0484280601,phamthanhdung952@yahoo.com
453,Do Minh Chi,Nam,Nhan vien,Ke toan,87,2020-10-25,Dang lam viec,17866943,1504832,0383386164,dominhchi387@gmail.com
454,Dang Van Hoa,Nu,Quan ly,Marketing,64,2022-10-31,Dang lam viec,18304354,2496234,0874880007,dangvanhoa709@gmail.com
455,Vu Thanh Dung,Nu,Truong phong,Marketing,92,2021-02-24,Dang lam viec,16089322,2829062,0878827119,vuthanhdung386@gmail.com
456,Pham Duc An,Nam,Truong phong,Marketing,66,2020-03-22,Da nghi viec,23603893,4968798,0228171510,phamducan417@company.vn
457,Do Thi An,Nu,Nhan vien,HR,98,2022-12-19,Da nghi viec,17559878,1181085,0533205334,dothian566@company.vn
458,Le Quang Chi,Nu,Quan ly,HR,70,2022-08-30,Da nghi viec,17940041,2988305,0477843622,lequangchi213@gmail.com
459,Do Quang Nam,Nu,Truong phong,IT,77,2018-07-08,Dang lam viec,29067668,3213745,0883832013,doquangnam928@company.vn
460,Le Hong Dung,Nu,Nhan vien,Marketing,71,2019-10-18,Dang lam viec,17983180,5958032,0142903604,lehongdung954@yahoo.com
461,Do Quang Dung,Nam,Quan ly,IT,61,2020-10-01,Dang lam viec,29483948,7469919,0100829546,doquangdung960@company.vn
462,Le Thi Nam,Nam,Nhan vien,HR,88,2018-11-17,Da nghi viec,11684840,2313461,0183233957,lethinam405@company.vn
463,Bui Duc Nam,Nu,Nhan vien,IT,70,2024-11-03,Dang lam viec,20050058,4208835,0631520459,buiducnam289@gmail.com
464,Nguyen Thanh Giang,Nu,Truong phong,IT,78,2023-06-10,Da nghi viec,22939444,2268135,0840664907,nguyenthanhgiang769@company.vn
465,Do Minh Chi,Nu,Quan ly,Marketing,89,2020-05-18,Da nghi viec,16401290,5523178,0099080886,dominhchi743@gmail.com
466,Bui Quang Khanh,Nu,Truong phong,IT,61,2024-06-05,Dang lam viec,13116972,6320036,0719481123,buiquangkhanh568@gmail.com
467,Vu Van An,Nu,Nhan vien,HR,91,2024-10-18,Dang lam viec,14712848,3989888,0090336002,vuvanan913@company.vn
468,Bui Thi Trang,Nam,Nhan vien,Marketing,78,2024-03-08,Dang lam viec,24031867,3417079,0728041513,buithitrang855@company.vn
469,Nguyen Ngoc Linh,Nu,Nhan vien,Ke toan,66,2023-05-12,Da nghi viec,17442030,4581601,0228040026,nguyenngoclinh638@company.vn
470,Tran Thanh An,Nam,Nhan vien,Ke toan,100,2023-01-01,Da nghi viec,16389276,4528102,0363179013,tranthanhan544@yahoo.com
471,Nguyen Thi An,Nam,Quan ly,Marketing,85,2018-02-14,Da nghi viec,23430695,3136696,0248112941,nguyenthian579@yahoo.com
472,Dang Thanh Linh,Nu,Quan ly,IT,91,2023-01-06,Da nghi viec,12995629,2384087,0584339812,dangthanhlinh705@yahoo.com
473,Le Thi Binh,Nu,Nhan vien,Marketing,91,2019-02-02,Da nghi viec,23561505,2216359,0788013467,lethibinh260@company.vn
474,Hoang Ngoc Giang,Nam,Truong phong,HR,82,2018-09-18,Da nghi viec,11772617,3645715,0662227807,hoangngocgiang357@yahoo.com
475,Tran Quang Dung,Nam,Quan ly,Ke toan,100,2023-02-02,Da nghi viec,21853050,1991171,0704003924,tranquangdung514@yahoo.com
476,Bui Thi Hoa,Nam,Truong phong,Marketing,68,2021-05-25,Dang lam viec,16818779,3554376,0163153672,buithihoa336@gmail.com
477,Pham Van Khanh,Nam,Nhan vien,Ke toan,94,2019-04-21,Da nghi viec,19838785,1848062,0766001177,phamvankhanh413@company.vn
478,Nguyen Quang Chi,Nu,Nhan vien,HR,83,2023-08-08,Dang lam viec,11237410,2717668,0135748058,nguyenquangchi344@company.vn
479,Vu Minh Hoa,Nu,Nhan vien,Marketing,82,2022-06-04,Da nghi viec,15358877,4858966,0269985410,vuminhhoa107@company.vn
480,Bui Quang Binh,Nam,Quan ly,IT,87,2019-04-26,Da nghi viec,22344485,3481739,0302379934,buiquangbinh543@gmail.com
481,Phan Minh Hoa,Nu,Truong phong,IT,87,2020-07-29,Da nghi viec,19476678,4467354,0278257878,phanminhhoa532@company.vn
482,Dang Van Linh,Nam,Nhan vien,Marketing,92,2018-06-05,Dang lam viec,19113193,3486322,0502694073,dangvanlinh588@gmail.com
483,Hoang Thanh Binh,Nam,Truong phong,HR,97,2023-05-26,Dang lam viec,10610741,1796960,0463751888,hoangthanhbinh285@gmail.com
484,Do Van Linh,Nu,Truong phong,Ke toan,76,2024-02-13,Dang lam viec,12782657,4945161,0893133915,dovanlinh975@gmail.com
485,Vu Thi Chi,Nu,Nhan vien,Ke toan,72,2023-12-21,Dang lam viec,10600307,4286263,0223350832,vuthichi911@yahoo.com
486,Do Thi Chi,Nu,Nhan vien,Marketing,69,2022-01-07,Da nghi viec,11729178,3678355,0347005306,dothichi970@gmail.com
487,Nguyen Thanh Dung,Nam,Truong phong,Ke toan,94,2018-10-09,Dang lam viec,10191658,3968530,0029009544,nguyenthanhdung960@company.vn
488,Tran Van Binh,Nu,Truong phong,Ke toan,86,2019-02-27,Dang lam viec,14121915,3360220,0419598363,tranvanbinh198@company.vn
489,Phan Quang Khanh,Nam,Nhan vien,HR,64,2024-11-08,Da nghi viec,9811734,3313905,0765721939,phanquangkhanh555@company.vn
490,Dang Duc Hoa,Nu,Nhan vien,IT,91,2022-04-11,Da nghi viec,23891988,4104598,0112939320,dangduchoa958@gmail.com
491,Nguyen Duc Dung,Nam,Truong phong,HR,81,2020-08-09,Da nghi viec,11365603,3535362,0912637207,nguyenducdung797@company.vn
492,Bui Quang Binh,Nu,Quan ly,Marketing,86,2018-12-04,Da nghi viec,18991816,3076263,0529192530,buiquangbinh989@company.vn
493,Do Thanh Linh,Nam,Quan ly,Ke toan,63,2020-02-22,Dang lam viec,21623878,2352526,0807962674,dothanhlinh23@gmail.com
494,Le Duc An,Nam,Quan ly,HR,76,2023-10-18,Dang lam viec,17756684,3847889,0901835064,leducan899@gmail.com
495,Hoang Van Hoa,Nu,Truong phong,Ke toan,85,2020-11-09,Da nghi viec,18739492,2561741,0544116924,hoangvanhoa792@gmail.com
496,Pham Thanh Giang,Nu,Quan ly,HR,65,2020-09-11,Da nghi viec,18110840,3204233,0948772515,phamthanhgiang379@company.vn
497,Pham Hong Binh,Nu,Truong phong,Ke toan,72,2018-07-09,Dang lam viec,13515634,4891547,0366618346,phamhongbinh952@yahoo.com
498,Nguyen Thanh Khanh,Nu,Quan ly,Ke toan,64,2023-08-23,Dang lam viec,16657537,3004490,0909526761,nguyenthanhkhanh809@gmail.com
499,Le Duc Nam,Nu,Nhan vien,Marketing,86,2020-07-01,Da nghi viec,21018938,4029564,0193592393,leducnam211@yahoo.com
500,Bui Ngoc Linh,Nam,Nhan vien,HR,78,2018-12-21,Da nghi viec,19345928,1476045,0725979193,buingoclinh965@gmail.com
501,Hoang Minh Trang,Nam,Nhan vien,HR,71,2023-05-07,Dang lam viec,14093954,2254932,0251408015,hoangminhtrang237@gmail.com
502,Nguyen Van Chi,Nu,Quan ly,IT,88,2022-05-11,Da nghi viec,23297948,5878830,0323648711,nguyenvanchi375@yahoo.com
503,Do Thi Linh,Nu,Quan ly,Ke toan,78,2023-09-11,Dang lam viec,16407738,2708168,0490285880,dothilinh227@yahoo.com
504,Phan Thi Hoa,Nam,Quan ly,HR,79,2018-05-31,Dang lam viec,17890596,1228586,0498197021,phanthihoa65@gmail.com
505,Dang Hong Binh,Nu,Truong phong,HR,66,2020-04-22,Dang lam viec,14020504,2137709,0799621022,danghongbinh617@gmail.com
506,Le Hong An,Nu,Quan ly,Marketing,94,2023-09-21,Da nghi viec,17083540,2979473,0775315994,lehongan897@yahoo.com
507,Hoang Minh Khanh,Nam,Nhan vien,HR,82,2022-03-04,Dang lam viec,19822390,1632296,0709669783,hoangminhkhanh290@company.vn
508,Nguyen Thi Trang,Nu,Truong phong,Marketing,97,2019-04-26,Dang lam viec,13552296,5977909,0374663898,nguyenthitrang786@company.vn
509,Hoang Van Linh,Nam,Nhan vien,Marketing,99,2022-09-09,Da nghi viec,14649843,5805064,0077358107,hoangvanlinh775@company.vn
510,Le Van An,Nam,Truong phong,Marketing,74,2019-11-23,Da nghi viec,14992069,2261656,0583910389,levanan400@yahoo.com
511,Dang Thi Giang,Nu,Quan ly,HR,97,2023-10-09,Da nghi viec,19468954,3368828,0644085527,dangthigiang994@yahoo.com
512,Pham Hong An,Nu,Quan ly,Marketing,68,2022-01-29,Dang lam viec,15681161,4341080,0799935757,phamhongan416@yahoo.com
513,Bui Thi Dung,Nu,Quan ly,Ke toan,97,2021-01-01,Dang lam viec,20668123,4874936,0136248287,buithidung225@company.vn
514,Tran Hong Dung,Nu,Nhan vien,Marketing,67,2021-10-05,Dang lam viec,11382281,5239719,0053869606,tranhongdung283@company.vn
515,Dang Thi Nam,Nam,Quan ly,HR,71,2018-10-09,Dang lam viec,19248455,2179118,0819368753,dangthinam635@gmail.com
516,Vu Quang Chi,Nam,Quan ly,HR,70,2019-03-29,Da nghi viec,16210900,3488196,0448496126,vuquangchi239@company.vn
517,Dang Hong Giang,Nu,Nhan vien,Ke toan,72,2019-06-18,Da nghi viec,13435514,3926031,0256065086,danghonggiang184@gmail.com
518,Do Duc Khanh,Nu,Quan ly,IT,72,2022-10-04,Dang lam viec,20439241,2378538,0834200964,doduckhanh167@yahoo.com
519,Tran Hong Binh,Nu,Truong phong,Ke toan,92,2018-03-17,Dang lam viec,15179327,1780455,0403980333,tranhongbinh498@company.vn
520,Hoang Ngoc Giang,Nam,Quan ly,Marketing,60,2022-08-06,Dang lam viec,24846114,3553506,0296508395,hoangngocgiang468@company.vn
521,Phan Minh Nam,Nam,Quan ly,Marketing,74,2024-12-15,Dang lam viec,12473224,3529898,0463505417,phanminhnam514@company.vn
522,Nguyen Quang Linh,Nam,Quan ly,IT,61,2019-04-09,Da nghi viec,23232899,5444154,0650934708,nguyenquanglinh987@company.vn
523,Le Hong An,Nam,Quan ly,HR,93,2022-09-28,Dang lam viec,9333976,1494942,0418345683,lehongan808@company.vn
524,Pham Minh Giang,Nu,Quan ly,Ke toan,67,2024-12-25,Dang lam viec,15663495,4791430,0917007213,phamminhgiang958@gmail.com
525,Hoang Quang Khanh,Nu,Nhan vien,IT,79,2023-05-25,Da nghi viec,26683320,3889976,0759509440,hoangquangkhanh376@gmail.com
